City_ID,City,Cloudiness,Country,Date,Humidity,Lat,Lng,Max Temp,Wind Speed
0,Kisaran,100,ID,2022-08-26 03:23:42,70,2.9845,99.6158,82.18,2.28
1,Rocha,87,UY,2022-08-26 03:23:43,98,-34.4833,-54.3333,60.35,4.41
2,Albany,53,US,2022-08-26 03:23:45,89,42.6001,-73.9662,71.06,3.09
3,Natal,0,BR,2022-08-26 03:22:32,83,-5.795,-35.2094,73.62,5.75
4,San Quintin,1,MX,2022-08-26 03:23:45,84,30.4833,-115.95,71.69,7.94
5,Tuktoyaktuk,100,CA,2022-08-26 03:23:46,100,69.4541,-133.0374,53.6,9.22
6,Fort Nelson,75,CA,2022-08-26 03:23:47,50,58.8053,-122.7002,78.39,5.75
7,La Solana,2,ES,2022-08-26 03:23:47,44,38.9442,-3.2381,70.56,2.86
8,Kaitangata,0,NZ,2022-08-26 03:23:48,54,-46.2817,169.8464,53.35,2.59
9,Lebu,88,CL,2022-08-26 03:23:48,86,-37.6167,-73.65,46.26,16.4
10,Deputatskiy,30,RU,2022-08-26 03:23:49,49,69.3,139.9,53.94,2.13
11,Seidu,72,SL,2022-08-26 03:23:50,99,9.0167,-10.6,66.7,1.7
12,Mahebourg,40,MU,2022-08-26 03:23:52,68,-20.4081,57.7,70.09,9.22
13,Punta Arenas,75,CL,2022-08-26 03:21:32,93,-53.15,-70.9167,35.71,18.41
14,Alencon,29,FR,2022-08-26 03:23:55,96,48.4333,0.0833,57.94,5.99
15,Borgarnes,93,IS,2022-08-26 03:23:55,87,64.5383,-21.9206,46.45,7.31
16,Tiksi,70,RU,2022-08-26 03:23:57,55,71.6872,128.8694,51.46,6.22
17,Sakakah,0,SA,2022-08-26 03:23:57,19,29.9697,40.2064,80.17,7.38
18,Nanortalik,100,GL,2022-08-26 03:23:59,93,60.1432,-45.2371,43.79,11.1
19,Hermanus,36,ZA,2022-08-26 03:23:59,71,-34.4187,19.2345,51.71,10.54
20,Tignere,100,CM,2022-08-26 03:23:59,96,7.3667,12.65,62.46,1.54
21,Thompson,75,CA,2022-08-26 03:24:01,100,55.7435,-97.8558,51.96,2.3
22,Yellowknife,75,CA,2022-08-26 03:24:01,68,62.456,-114.3525,68.56,6.91
23,Rikitea,80,PF,2022-08-26 03:24:02,60,-23.1203,-134.9692,67.14,23.24
24,Castro,5,BR,2022-08-26 03:24:02,88,-24.7911,-50.0119,54.25,2.73
25,Ruidoso,63,US,2022-08-26 03:24:03,59,33.3317,-105.673,66.96,5.75
26,Kavaratti,71,IN,2022-08-26 03:24:06,77,10.5669,72.642,80.85,18.28
27,Riohacha,4,CO,2022-08-26 03:24:06,85,11.5444,-72.9072,80.29,10.31
28,Pisco,100,PE,2022-08-26 03:24:07,88,-13.7,-76.2167,59.05,5.75
29,Cayenne,0,GF,2022-08-26 03:24:07,94,4.9333,-52.3333,75.24,0.0
30,Chapais,99,CA,2022-08-26 03:24:08,69,49.7834,-74.8492,47.98,2.35
31,Urumqi,0,CN,2022-08-26 03:24:08,31,43.801,87.6005,70.75,2.24
32,Mataura,0,NZ,2022-08-26 03:24:09,45,-46.1927,168.8643,54.48,0.43
33,Upernavik,95,GL,2022-08-26 03:24:09,87,72.7868,-56.1549,41.63,7.4
34,Norman Wells,75,CA,2022-08-26 03:24:09,72,65.282,-126.8329,66.24,5.75
35,Ribeira Grande,36,PT,2022-08-26 03:24:10,74,38.5167,-28.7,73.4,7.9
36,Inzer,29,RU,2022-08-26 03:24:10,82,54.2167,57.5556,65.16,1.07
37,Kapaa,100,US,2022-08-26 03:24:10,85,22.0752,-159.319,80.92,4.61
38,Kodiak,0,US,2022-08-26 03:24:11,67,57.79,-152.4072,60.31,11.5
39,Mar Del Plata,0,AR,2022-08-26 03:22:05,91,-38.0023,-57.5575,49.08,7.0
40,Shirak,4,AM,2022-08-26 03:24:12,51,40.8404,43.9158,55.72,2.3
41,Hithadhoo,100,MV,2022-08-26 03:24:12,78,-0.6,73.0833,79.65,8.9
42,Vaini,20,TO,2022-08-26 03:24:12,89,-21.2,-175.2,78.96,10.36
43,Hobart,20,AU,2022-08-26 03:24:13,68,-42.8794,147.3294,60.06,10.36
44,Barrow,75,US,2022-08-26 03:24:13,71,71.2906,-156.7887,53.62,10.36
45,Busselton,11,AU,2022-08-26 03:24:14,61,-33.65,115.3333,62.22,7.74
46,Codrington,100,AU,2022-08-26 03:24:14,72,-38.2667,141.9667,52.36,3.62
47,Khatanga,100,RU,2022-08-26 03:22:18,87,71.9667,102.5,43.32,14.27
48,Provideniya,100,RU,2022-08-26 03:24:02,100,64.3833,-173.3,50.36,8.99
49,Ostrovnoy,91,RU,2022-08-26 03:25:15,88,68.0531,39.5131,49.33,7.38
50,Hambantota,20,LK,2022-08-26 03:25:15,89,6.1241,81.1185,82.74,12.66
51,Saint-Philippe,35,RE,2022-08-26 03:24:04,80,-21.3585,55.7679,65.21,11.12
52,Cape Town,40,ZA,2022-08-26 03:22:51,70,-33.9258,18.4232,59.38,5.75
53,Sovetskiy,63,RU,2022-08-26 03:24:48,72,61.3614,63.5842,63.25,10.07
54,Jamestown,0,US,2022-08-26 03:25:17,89,42.097,-79.2353,69.03,1.01
55,Tortoli,0,IT,2022-08-26 03:25:18,47,39.9256,9.6572,76.82,8.05
56,Tasiilaq,63,GL,2022-08-26 03:25:18,76,65.6145,-37.6368,32.83,3.96
57,Sorong,5,ID,2022-08-26 03:25:19,73,-0.8833,131.25,82.78,2.42
58,Swan River,6,CA,2022-08-26 03:25:19,82,52.1058,-101.2676,66.09,8.05
59,Skibbereen,4,IE,2022-08-26 03:25:19,88,51.55,-9.2667,55.11,7.25
60,Mandalgovi,0,MN,2022-08-26 03:25:20,38,45.7625,106.2708,54.54,9.17
61,Faanui,65,PF,2022-08-26 03:25:20,75,-16.4833,-151.75,76.35,13.58
62,Esperance,12,AU,2022-08-26 03:25:21,50,-33.8667,121.9,64.83,14.43
63,Hilo,75,US,2022-08-26 03:25:21,80,19.7297,-155.09,81.28,5.75
64,Qaanaaq,22,GL,2022-08-26 03:25:22,59,77.484,-69.3632,34.41,6.29
65,Cidreira,8,BR,2022-08-26 03:25:22,90,-30.1811,-50.2056,61.48,9.06
66,Mananara,48,MG,2022-08-26 03:25:22,91,-16.1667,49.7667,63.77,4.34
67,Yerbogachen,100,RU,2022-08-26 03:25:23,95,61.2767,108.0108,55.47,9.19
68,Fortuna,54,US,2022-08-26 03:25:23,92,40.5982,-124.1573,61.36,5.32
69,Koshurnikovo,46,RU,2022-08-26 03:25:24,66,54.1667,93.3,59.68,2.3
70,Port Alfred,83,ZA,2022-08-26 03:25:24,71,-33.5906,26.891,58.51,8.19
71,The Valley,2,AI,2022-08-26 03:25:25,76,18.217,-63.0578,82.81,15.48
72,La Ronge,0,CA,2022-08-26 03:25:25,49,55.1001,-105.2842,75.42,6.91
73,Dmitriyevka,34,RU,2022-08-26 03:25:26,64,54.75,55.3333,62.15,3.2
74,New Norfolk,1,AU,2022-08-26 03:25:26,78,-42.7826,147.0587,59.72,1.01
75,Marsh Harbour,4,BS,2022-08-26 03:25:27,70,26.5412,-77.0636,83.93,7.45
76,Atuona,1,PF,2022-08-26 03:25:27,75,-9.8,-139.0333,76.82,14.94
77,Butaritari,97,KI,2022-08-26 03:25:28,75,3.0707,172.7902,81.77,8.32
78,Ilulissat,100,GL,2022-08-26 03:24:19,87,69.2167,-51.1,42.82,1.14
79,Coahuayana,99,MX,2022-08-26 03:25:29,87,18.7333,-103.6833,79.39,0.72
80,Port Hardy,20,CA,2022-08-26 03:25:29,77,50.6996,-127.4199,64.58,6.91
81,Altamira,100,BR,2022-08-26 03:22:12,98,-3.2033,-52.2064,71.46,3.15
82,Souillac,40,MU,2022-08-26 03:25:31,68,-20.5167,57.5167,70.18,9.22
83,Necochea,0,AR,2022-08-26 03:25:31,62,-38.5473,-58.7368,48.11,5.06
84,Langfang,97,CN,2022-08-26 03:25:32,40,39.5097,116.6947,79.79,9.71
85,Mehamn,0,NO,2022-08-26 03:25:32,67,71.0357,27.8492,58.95,11.5
86,Rubiataba,94,BR,2022-08-26 03:25:33,31,-15.1644,-49.8033,77.45,3.83
87,Puerto Ayora,97,EC,2022-08-26 03:25:34,93,-0.7393,-90.3518,66.54,1.01
88,Saskylakh,100,RU,2022-08-26 03:25:34,81,71.9167,114.0833,49.21,5.46
89,Torbay,100,CA,2022-08-26 03:26:35,93,47.6666,-52.7314,70.39,12.66
90,Calvillo,100,MX,2022-08-26 03:26:35,40,21.85,-102.7167,74.34,5.57
91,Springdale,0,US,2022-08-26 03:26:36,78,36.1867,-94.1288,75.33,0.0
92,Fairbanks,75,US,2022-08-26 03:26:36,57,64.8378,-147.7164,68.0,4.61
93,Lorengau,23,PG,2022-08-26 03:26:36,72,-2.0226,147.2712,83.16,10.42
94,Beisfjord,96,NO,2022-08-26 03:26:37,67,68.3751,17.5988,61.05,7.4
95,Mount Gambier,100,AU,2022-08-26 03:26:37,68,-37.8333,140.7667,53.46,1.97
96,Akyab,95,MM,2022-08-26 03:26:39,80,20.15,92.9,82.38,6.91
97,Sao Filipe,100,CV,2022-08-26 03:26:42,80,14.8961,-24.4956,78.6,0.96
98,Ushuaia,75,AR,2022-08-26 03:23:12,75,-54.8,-68.3,37.06,17.27
99,Saint-Francois,98,FR,2022-08-26 03:26:43,88,46.4154,3.9054,67.44,6.91
100,Kamloops,40,CA,2022-08-26 03:26:47,40,50.6665,-120.3192,85.19,9.22
101,Kenscoff,38,HT,2022-08-26 03:26:47,89,18.4506,-72.2869,62.74,10.36
102,Karabulak,0,RU,2022-08-26 03:26:48,57,43.3036,44.8964,58.19,4.0
103,Severnyy,0,RU,2022-08-26 03:26:49,59,50.677,36.5532,62.64,6.71
104,Belmonte,35,BR,2022-08-26 03:26:50,87,-15.8631,-38.8828,69.93,4.43
105,Eirunepe,34,BR,2022-08-26 03:26:50,57,-6.6603,-69.8736,77.59,2.53
106,Airai,31,TL,2022-08-26 03:26:51,45,-8.9266,125.4092,73.11,4.32
107,Cabo San Lucas,55,MX,2022-08-26 03:26:51,66,22.8909,-109.9124,87.51,1.01
108,Bredasdorp,1,ZA,2022-08-26 03:26:51,84,-34.5322,20.0403,44.17,7.34
109,Jumla,20,NP,2022-08-26 03:26:52,72,29.2747,82.1838,69.75,3.42
110,Mareeba,57,AU,2022-08-26 03:26:52,67,-17.0,145.4333,75.43,8.37
111,Tatarani,1,RO,2022-08-26 03:26:53,99,45.0,25.2667,64.49,6.64
112,Bagamoyo,46,TZ,2022-08-26 03:26:53,93,-6.4333,38.9,67.46,5.57
113,Phan Thiet,100,VN,2022-08-26 03:26:53,62,10.9333,108.1,86.68,6.17
114,Kichera,81,RU,2022-08-26 03:26:55,77,55.9375,110.0997,50.92,7.81
115,Tsaratanana,1,MG,2022-08-26 03:26:55,77,-16.7833,47.65,60.78,10.63
116,Moose Factory,0,CA,2022-08-26 03:26:56,100,51.2585,-80.6094,44.6,0.0
117,San Patricio,6,US,2022-08-26 03:27:00,82,28.017,-97.5169,81.9,3.33
118,Nantucket,100,US,2022-08-26 03:27:00,94,41.2835,-70.0995,75.31,3.44
119,Richards Bay,100,ZA,2022-08-26 03:27:00,75,-28.783,32.0377,66.34,23.38
120,Nikolskoye,10,RU,2022-08-26 03:27:01,98,59.7035,30.7861,60.8,2.91
121,Padang,70,ID,2022-08-26 03:27:01,81,-0.9492,100.3543,82.45,7.96
122,Maningrida,20,AU,2022-08-26 03:27:02,42,-12.0667,134.2667,85.98,10.63
123,Cherskiy,100,RU,2022-08-26 03:27:02,75,68.75,161.3,43.39,18.79
124,Kaniama,100,CD,2022-08-26 03:24:51,52,-7.5667,24.1833,72.07,1.39
125,East London,0,ZA,2022-08-26 03:27:03,71,-33.0153,27.9116,56.34,6.91
126,Avarua,75,CK,2022-08-26 03:27:03,73,-21.2078,-159.775,73.45,11.5
127,Yuzhno-Kurilsk,100,RU,2022-08-26 03:27:04,96,44.0306,145.8556,62.33,13.71
128,Leningradskiy,100,RU,2022-08-26 03:27:04,96,69.3833,178.4167,37.56,5.64
129,Bolu,7,TR,2022-08-26 03:26:59,83,40.6667,31.5833,63.18,1.14
130,Moerai,100,PF,2022-08-26 03:27:05,78,-22.4333,-151.3333,70.68,31.34
131,Tarakan,40,ID,2022-08-26 03:27:05,83,3.3,117.6333,80.1,5.75
132,Touros,93,BR,2022-08-26 03:27:07,83,-5.1989,-35.4608,71.64,14.7
133,Severo-Kurilsk,99,RU,2022-08-26 03:27:08,74,50.6789,156.125,58.15,4.68
134,Alofi,75,NU,2022-08-26 03:27:09,69,-19.0595,-169.9187,78.69,13.8
135,Klaksvik,88,FO,2022-08-26 03:28:09,92,62.2266,-6.589,52.72,22.79
136,Bengkulu,96,ID,2022-08-26 03:28:10,73,-3.8004,102.2655,81.28,2.26
137,Benghazi,10,LY,2022-08-26 03:28:10,66,32.1167,20.0667,80.29,7.99
138,Altay,98,CN,2022-08-26 03:28:11,19,47.8667,88.1167,71.47,4.43
139,Tautira,99,PF,2022-08-26 03:28:11,75,-17.7333,-149.15,73.47,8.97
140,Dhidhdhoo,100,MV,2022-08-26 03:25:36,78,6.8833,73.1,81.32,18.57
141,Pevek,100,RU,2022-08-26 03:28:14,94,69.7008,170.3133,34.99,7.18
142,Vallam,99,IN,2022-08-26 03:24:41,65,10.7167,79.0833,80.65,11.5
143,Vostok,18,RU,2022-08-26 03:28:16,43,46.4856,135.8833,65.1,10.94
144,Nayoro,99,JP,2022-08-26 03:28:17,55,44.3506,142.4578,76.23,8.9
145,Naze,97,JP,2022-08-26 03:28:17,78,28.3667,129.4833,81.52,9.95
146,Egvekinot,100,RU,2022-08-26 03:28:19,88,66.3167,-179.1667,42.91,6.26
147,Aksu,100,CN,2022-08-26 03:28:20,36,41.1231,80.2644,76.15,2.15
148,Gorodets,41,RU,2022-08-26 03:28:21,56,56.6514,43.475,65.23,2.13
149,Koindu,74,GN,2022-08-26 03:28:21,100,8.4386,-10.3253,67.82,1.88
150,Zaraza,96,VE,2022-08-26 03:28:22,94,9.3503,-65.3245,72.07,2.55
151,Sribne,69,UA,2022-08-26 03:28:22,42,50.6638,32.9187,64.4,8.93
152,Caravelas,7,BR,2022-08-26 03:28:23,86,-17.7125,-39.2481,68.27,4.21
153,Oranjemund,0,NA,2022-08-26 03:28:23,90,-28.55,16.4333,51.85,5.91
154,Tuatapere,0,NZ,2022-08-26 03:28:24,58,-46.1333,167.6833,54.37,2.77
155,Bermejo,0,AR,2022-08-26 03:28:24,54,-32.8833,-68.8,53.51,0.0
156,Bourges,14,FR,2022-08-26 03:28:13,94,47.25,2.4167,67.59,5.73
157,Eisiskes,80,LT,2022-08-26 03:28:27,84,54.1667,25.0,63.01,4.5
158,Ponta Do Sol,16,PT,2022-08-26 03:28:28,72,32.6667,-17.1,72.23,5.84
159,Yarada,20,IN,2022-08-26 03:28:29,74,17.65,83.2667,86.32,2.3
160,Bluff,1,NZ,2022-08-26 03:28:30,68,-46.6,168.3333,54.81,2.64
161,Margate,100,GB,2022-08-26 03:25:06,84,51.3813,1.3862,62.69,5.99
162,Hasaki,44,JP,2022-08-26 03:28:33,77,35.7333,140.8333,82.8,11.68
163,Chokurdakh,95,RU,2022-08-26 03:28:34,50,70.6333,147.9167,48.79,6.46
164,Dikson,99,RU,2022-08-26 03:28:36,85,73.5069,80.5464,40.75,7.0
165,Salalah,100,OM,2022-08-26 03:27:27,100,17.0151,54.0924,77.09,4.61
166,Mount Isa,1,AU,2022-08-26 03:28:36,14,-20.7333,139.5,74.97,12.66
167,Guarapari,37,BR,2022-08-26 03:28:38,89,-20.6667,-40.4975,68.9,4.81
168,Tailai,5,CN,2022-08-26 03:28:38,32,46.3833,123.4,68.92,10.07
169,San Cristobal,36,VE,2022-08-26 03:28:39,94,7.7669,-72.225,71.78,2.8
170,Upanema,100,BR,2022-08-26 03:28:40,61,-5.6419,-37.2578,74.39,14.63
171,Sitka,100,US,2022-08-26 03:28:42,77,57.0531,-135.33,60.69,11.5
172,Hovd,94,MN,2022-08-26 03:28:44,28,48.0056,91.6419,63.72,4.07
173,Alice Springs,43,AU,2022-08-26 03:28:44,27,-23.7,133.8833,62.15,11.5
174,Srednekolymsk,99,RU,2022-08-26 03:28:47,75,67.45,153.6833,45.14,10.38
175,Constitucion,47,CL,2022-08-26 03:28:49,70,-35.3333,-72.4167,49.23,6.4
176,Olafsvik,4,IS,2022-08-26 03:28:49,65,64.8945,-23.7142,47.61,9.71
177,Santa Maria,0,BR,2022-08-26 03:28:27,94,-29.6842,-53.8069,61.9,0.0
178,Tarabha,10,IN,2022-08-26 03:28:51,73,20.7333,83.65,82.6,5.06
179,Verkhoyansk,98,RU,2022-08-26 03:28:52,57,67.5447,133.385,56.5,4.7
180,Lompoc,100,US,2022-08-26 03:26:13,94,34.6391,-120.4579,71.78,5.75
181,Vikindu,20,TZ,2022-08-26 03:28:53,94,-7.0067,39.2985,67.64,5.75
182,Lasa,1,IT,2022-08-26 03:29:54,89,46.6166,10.7002,58.69,4.14
183,Bethel,100,US,2022-08-26 03:29:54,73,41.3712,-73.414,77.85,4.45
184,Madarounfa,59,NE,2022-08-26 03:29:55,86,13.3087,7.156,74.5,8.66
185,Harnosand,31,SE,2022-08-26 03:29:55,87,62.6323,17.9379,59.0,7.74
186,Nemuro,100,JP,2022-08-26 03:29:56,93,43.3236,145.575,62.1,15.03
187,Kahului,40,US,2022-08-26 03:29:56,67,20.8947,-156.47,87.82,20.71
188,Bilibino,100,RU,2022-08-26 03:29:57,73,68.0546,166.4372,52.0,4.12
189,Doha,3,QA,2022-08-26 03:25:32,66,25.2867,51.5333,93.09,12.66
190,Iranshahr,36,IR,2022-08-26 03:29:58,11,27.2025,60.6848,77.34,4.61
191,Brownsville,40,US,2022-08-26 03:29:59,85,25.9018,-97.4975,84.9,5.75
192,Morgan City,100,US,2022-08-26 03:30:01,90,29.6994,-91.2068,78.01,4.21
193,Valparaiso,0,CL,2022-08-26 03:30:06,100,-33.0393,-71.6273,53.47,4.61
194,Kloulklubed,82,PW,2022-08-26 03:30:10,72,7.0419,134.2556,86.5,10.74
195,Zabaykalsk,36,RU,2022-08-26 03:30:13,30,49.6333,117.3167,64.9,16.13
196,La Palma,20,US,2022-08-26 03:30:15,79,33.8464,-118.0467,84.9,9.22
197,Pilot Butte,20,CA,2022-08-26 03:30:16,59,50.4668,-104.4178,68.67,8.05
198,Esso,15,RU,2022-08-26 03:28:54,56,55.9333,158.7,62.74,19.44
199,Severo-Yeniseyskiy,68,RU,2022-08-26 03:30:18,84,60.3725,93.0408,45.79,8.08
200,Ancud,100,CL,2022-08-26 03:30:18,94,-41.8697,-73.8203,49.23,10.47
201,Ponta Delgada,75,PT,2022-08-26 03:30:19,88,37.7333,-25.6667,72.5,3.44
202,Fonte Boa,42,BR,2022-08-26 03:30:19,96,-2.4959,-66.2662,72.64,1.34
203,Montague,91,US,2022-08-26 03:30:19,72,42.5356,-72.5351,74.98,1.19
204,Tonstad,84,NO,2022-08-26 03:30:20,86,58.6626,6.7169,60.93,4.38
205,Hyderabad,75,IN,2022-08-26 03:28:41,88,17.3753,78.4744,80.11,6.91
206,Conceicao Das Alagoas,25,BR,2022-08-26 03:30:22,36,-19.9147,-48.3883,74.98,4.83
207,Waddan,0,LY,2022-08-26 03:30:22,59,29.1614,16.139,75.85,3.85
208,Grand Gaube,18,MU,2022-08-26 03:30:23,76,-20.0064,57.6608,70.2,5.01
209,Tiznit,6,MA,2022-08-26 03:26:59,62,29.5833,-9.5,74.19,2.37
210,Acapulco,100,MX,2022-08-26 03:30:25,89,16.8634,-99.8901,80.42,2.3
211,Hendek,10,TR,2022-08-26 03:28:44,79,40.7994,30.7481,67.23,2.21
212,Wagar,48,SD,2022-08-26 03:30:26,77,16.1525,36.2032,77.49,16.96
213,Saint-Paul,5,RE,2022-08-26 03:30:10,70,-21.0096,55.2707,70.36,0.78
214,Ixtapa,75,MX,2022-08-26 03:30:27,84,20.7,-105.2,83.43,0.0
215,Dakar,40,SN,2022-08-26 03:26:29,89,14.6937,-17.4441,80.73,4.61
216,Victoria,99,HK,2022-08-26 03:27:49,82,22.2855,114.1577,88.03,11.99
217,Westport,0,US,2022-08-26 03:30:30,80,41.1415,-73.3579,78.75,6.91
218,Petropavlovka,15,RU,2022-08-26 03:30:33,50,50.6114,105.3196,61.12,5.1
219,Marshall,0,US,2022-08-26 03:30:33,87,34.3834,-86.3333,77.09,4.61
220,Longyearbyen,20,SJ,2022-08-26 03:30:34,75,78.2186,15.6401,37.24,10.36
221,Safaga,0,EG,2022-08-26 03:30:36,57,26.7292,33.9365,85.06,14.74
222,Sioux Lookout,75,CA,2022-08-26 03:30:38,88,50.1001,-91.917,57.27,0.0
223,Clyde River,100,CA,2022-08-26 03:30:38,100,70.4692,-68.5914,37.63,6.91
224,Linfen,50,CN,2022-08-26 03:30:39,48,36.0889,111.5189,82.56,6.29
225,Nuuk,40,GL,2022-08-26 03:30:39,100,64.1835,-51.7216,41.61,10.36
226,El Real De Santa Maria,72,PA,2022-08-26 03:30:40,98,8.109,-77.7325,73.6,0.38
227,Ayan,20,RU,2022-08-26 03:30:41,64,56.45,138.1667,57.65,1.03
228,College,75,US,2022-08-26 03:30:41,55,64.8569,-147.8028,67.98,4.61
229,Svetlyy,70,RU,2022-08-26 03:31:42,77,54.675,20.1347,67.96,6.35
230,Carnarvon,0,AU,2022-08-26 03:31:42,44,-24.8667,113.6333,71.35,11.74
231,Husavik,100,IS,2022-08-26 03:31:42,96,66.0449,-17.3389,42.64,16.22
232,Uyuni,0,BO,2022-08-26 03:31:43,13,-20.4597,-66.825,37.45,5.84
233,Kavieng,23,PG,2022-08-26 03:31:43,69,-2.5744,150.7967,84.58,10.92
234,Jaltenango,100,MX,2022-08-26 03:31:44,97,15.8719,-92.7247,69.48,2.13
235,Hobyo,2,SO,2022-08-26 03:31:45,81,5.3505,48.5268,76.23,23.47
236,Georgetown,20,MY,2022-08-26 03:31:46,68,5.4112,100.3354,86.9,9.22
237,Luderitz,0,NA,2022-08-26 03:31:46,77,-26.6481,15.1594,52.77,11.54
238,Dawson Creek,0,CA,2022-08-26 03:31:47,43,55.7666,-120.2362,74.84,5.75
239,Saint Anthony,40,US,2022-08-26 03:31:48,82,45.0205,-93.218,69.69,0.0
240,Vanimo,29,PG,2022-08-26 03:31:48,68,-2.6741,141.3028,84.78,7.9
241,Progreso,38,MX,2022-08-26 03:31:49,84,21.2833,-89.6667,77.11,10.04
242,Ketchikan,75,US,2022-08-26 03:31:49,77,55.3422,-131.6461,66.67,4.61
243,Kruisfontein,24,ZA,2022-08-26 03:31:50,70,-34.0033,24.7314,51.89,4.59
244,Balakhta,100,RU,2022-08-26 03:31:52,94,55.38,91.6,56.48,4.07
245,Nyurba,100,RU,2022-08-26 03:31:54,88,63.2842,118.3319,52.74,8.59
246,Villazon,3,BO,2022-08-26 03:31:56,80,-22.0866,-65.5942,38.61,3.2
247,Ust-Nera,99,RU,2022-08-26 03:31:56,57,64.5667,143.2,55.47,2.59
248,Hirara,40,JP,2022-08-26 03:32:01,74,24.8,125.2833,91.26,6.91
249,Canatlan,75,MX,2022-08-26 03:32:04,69,24.5167,-104.7833,65.43,4.21
250,Isangel,20,VU,2022-08-26 03:32:06,58,-19.55,169.2667,84.31,5.75
251,Vardo,100,NO,2022-08-26 03:32:07,82,70.3705,31.1107,53.58,19.57
252,Batemans Bay,18,AU,2022-08-26 03:32:08,58,-35.7167,150.1833,61.11,8.75
253,Bambous Virieux,40,MU,2022-08-26 03:32:09,68,-20.3428,57.7575,70.05,9.22
254,Iracoubo,3,GF,2022-08-26 03:32:10,85,5.4802,-53.2011,77.83,7.16
255,Irtyshskiy,52,RU,2022-08-26 03:32:11,53,58.3333,68.1333,65.73,8.55
256,Coquimbo,100,CL,2022-08-26 03:29:01,100,-29.9533,-71.3436,53.33,3.44
257,Asau,11,RO,2022-08-26 03:32:13,46,46.4333,26.4,58.28,6.35
258,George,75,ZA,2022-08-26 03:32:14,71,-33.963,22.4617,51.35,5.75
259,Te Anau,14,NZ,2022-08-26 03:32:15,62,-45.4167,167.7167,51.82,1.83
260,Kirando,66,TZ,2022-08-26 03:32:17,52,-7.4167,30.6,72.52,5.84
261,Visby,7,SE,2022-08-26 03:32:17,100,57.6409,18.296,64.06,6.91
262,Batticaloa,100,LK,2022-08-26 03:32:18,66,7.7102,81.6924,83.91,3.13
263,Devonport,3,AU,2022-08-26 03:32:18,73,-41.1667,146.35,55.09,4.7
264,Umm Kaddadah,100,SD,2022-08-26 03:32:19,58,13.6017,26.6876,79.66,8.3
265,Coihaique,100,CL,2022-08-26 03:32:19,93,-45.5752,-72.0662,40.95,10.36
266,Talnakh,95,RU,2022-08-26 03:32:20,63,69.4865,88.3972,38.21,9.28
267,Mount Pleasant,75,US,2022-08-26 03:32:22,98,32.7941,-79.8626,77.0,1.01
268,Waipawa,100,NZ,2022-08-26 03:32:23,90,-41.4122,175.5153,48.29,13.82
269,Saldanha,95,ZA,2022-08-26 03:34:54,54,-33.0117,17.9442,46.45,3.33
270,Byron Bay,1,AU,2022-08-26 03:34:55,56,-28.65,153.6167,67.71,10.51
271,Methoni,10,GR,2022-08-26 03:34:56,75,36.8197,21.7049,71.22,3.67
272,Maumere,39,ID,2022-08-26 03:34:57,66,-8.6199,122.2111,81.64,4.14
273,Cap-Aux-Meules,26,CA,2022-08-26 03:34:57,77,47.3821,-61.8597,64.42,10.36
274,Laguna,0,US,2022-08-26 03:35:58,41,38.421,-121.4238,82.69,9.22
275,Port Elizabeth,0,ZA,2022-08-26 03:35:58,81,-33.918,25.5701,55.69,2.3
276,Saint George,0,US,2022-08-26 03:35:59,27,37.1041,-113.5841,90.19,3.44
277,Abu Kamal,0,SY,2022-08-26 03:36:00,37,34.4506,40.9171,81.93,10.69
278,Salta,20,AR,2022-08-26 03:36:00,47,-24.7859,-65.4117,59.59,4.61
279,Cattolica,0,IT,2022-08-26 03:36:02,76,43.9575,12.7376,75.06,2.3
280,Carutapera,68,BR,2022-08-26 03:36:03,93,-1.195,-46.02,74.48,4.38
281,Caucaia,20,BR,2022-08-26 03:36:03,68,-3.7361,-38.6531,78.75,11.5
282,Chino Valley,0,US,2022-08-26 03:36:04,69,34.7575,-112.4538,74.95,0.0
283,Puerto Quijarro,9,BO,2022-08-26 03:36:04,35,-17.7833,-57.7667,75.78,2.95
284,Alexandroupoli,75,GR,2022-08-26 03:36:05,94,40.8475,25.8744,69.62,0.0
285,Ghanzi,0,BW,2022-08-26 03:36:06,29,-21.5667,21.7833,56.52,6.67
286,Broome,20,US,2022-08-26 03:36:07,87,42.2506,-75.833,69.46,6.91
287,Vila Franca Do Campo,39,PT,2022-08-26 03:36:07,89,37.7167,-25.4333,72.19,5.7
288,Port Blair,40,IN,2022-08-26 03:36:09,74,11.6667,92.75,86.04,8.05
289,Zhigansk,52,RU,2022-08-26 03:36:10,49,66.7697,123.3711,56.59,15.17
290,Namtsy,100,RU,2022-08-26 03:36:10,64,62.7161,129.6658,54.77,2.93
291,Vonitsa,75,GR,2022-08-26 03:36:10,88,38.9164,20.8864,73.36,6.91
292,Arraial Do Cabo,0,BR,2022-08-26 03:36:11,88,-22.9661,-42.0278,69.66,14.97
293,Lavrentiya,100,RU,2022-08-26 03:36:12,99,65.5833,-171.0,40.62,3.22
294,Qasigiannguit,100,GL,2022-08-26 03:36:12,92,68.8193,-51.1922,43.05,8.37
295,Lumeje,43,AO,2022-08-26 03:36:13,42,-11.55,20.7833,62.13,4.76
296,Shubarshi,0,KZ,2022-08-26 03:36:15,22,48.5872,57.1869,76.66,4.61
297,Sultanpur,59,IN,2022-08-26 03:36:16,58,26.2667,82.0667,90.73,2.15
298,Adrar,15,MR,2022-08-26 03:36:17,44,20.5022,-10.0711,89.65,8.61
299,Betioky,1,MG,2022-08-26 03:36:18,63,-23.7167,44.3833,64.36,5.66
300,Kununurra,0,AU,2022-08-26 03:36:18,12,-15.7667,128.7333,80.58,10.36
301,Bilgoraj,28,PL,2022-08-26 03:36:20,53,50.5411,22.722,63.37,5.44
302,Novyy Urengoy,100,RU,2022-08-26 03:37:35,69,66.0833,76.6333,45.3,6.24
303,Narrabri,8,AU,2022-08-26 03:37:36,51,-30.3167,149.7833,66.52,3.0
304,Baiyin,41,CN,2022-08-26 03:37:37,47,36.5583,104.2081,74.79,9.57
305,Krasnoborsk,78,RU,2022-08-26 03:37:38,84,61.5598,45.934,64.29,4.7
306,Lieksa,1,FI,2022-08-26 03:37:38,77,63.3167,30.0167,54.25,3.22
307,Casian,99,PH,2022-08-26 03:37:42,75,11.035,119.7136,84.07,11.25
308,Eenhana,2,NA,2022-08-26 03:37:42,42,-17.4667,16.3333,55.98,3.8
309,Cap Malheureux,12,MU,2022-08-26 03:37:44,76,-19.9842,57.6142,67.46,5.01
310,Vikulovo,63,RU,2022-08-26 03:37:44,55,56.8167,70.6107,65.41,4.97
311,Yelizovo,20,RU,2022-08-26 03:37:45,43,53.1873,158.3805,73.54,13.42
312,Jiaohe,82,CN,2022-08-26 03:37:45,95,43.7286,127.3447,54.79,4.88
313,Tongren,100,CN,2022-08-26 03:37:46,48,27.7172,109.1853,90.97,8.41
314,Dingle,79,PH,2022-08-26 03:37:46,71,10.9995,122.6711,85.93,8.43
315,Ostroleka,13,PL,2022-08-26 03:37:46,51,53.0862,21.5757,63.52,7.11
316,Sao Joao Da Barra,86,BR,2022-08-26 03:37:48,86,-21.6403,-41.0511,70.45,7.99
317,Mackenzie,0,CA,2022-08-26 03:38:49,38,55.2999,-123.1698,79.02,6.91
318,Biloela,9,AU,2022-08-26 03:38:50,27,-24.4167,150.5,71.46,0.89
319,Brae,8,GB,2022-08-26 03:38:50,91,60.3964,-1.353,53.38,13.18
320,Maputo,0,MZ,2022-08-26 03:38:52,77,-25.9653,32.5892,60.48,9.22
321,Oranjestad,20,AW,2022-08-26 03:34:05,78,12.524,-70.027,82.35,11.5
322,Bosaso,4,SO,2022-08-26 03:38:53,42,11.2842,49.1816,88.9,24.63
323,Twentynine Palms,72,US,2022-08-26 03:38:53,45,34.1356,-116.0542,91.98,5.79
324,Los Llanos De Aridane,100,ES,2022-08-26 03:38:06,95,28.6585,-17.9182,69.55,13.8
325,Nalut,0,LY,2022-08-26 03:38:55,39,30.3333,10.85,77.23,10.56
326,Union City,100,US,2022-08-26 03:38:56,82,37.5958,-122.0192,70.14,17.27
327,Trelew,11,AR,2022-08-26 03:38:57,46,-43.249,-65.3051,49.5,10.92
328,Aden,4,YE,2022-08-26 03:38:57,80,12.7794,45.0367,83.79,10.78
329,La Mata,98,PA,2022-08-26 03:38:58,94,8.0833,-80.8833,74.75,3.04
330,Montepuez,17,MZ,2022-08-26 03:38:58,89,-13.1256,38.9997,63.72,2.62
331,Candido Mendes,52,BR,2022-08-26 03:39:00,96,-1.4467,-45.7167,72.64,1.77
332,Novoagansk,100,RU,2022-08-26 03:39:00,68,61.9449,76.6625,52.03,7.85
333,Aksha,51,RU,2022-08-26 03:39:00,43,50.2814,113.2867,59.63,8.79
334,Shihezi,100,CN,2022-08-26 03:39:01,24,44.3,86.0333,81.18,8.46
335,Balikpapan,20,ID,2022-08-26 03:38:14,89,-1.2675,116.8289,81.59,5.75
336,Petauke,0,ZM,2022-08-26 03:39:02,54,-14.2426,31.3253,59.2,5.5
337,Qaqortoq,100,GL,2022-08-26 03:39:04,99,60.7167,-46.0333,42.85,2.39
338,Rio Grande,100,BR,2022-08-26 03:39:04,94,-32.035,-52.0986,65.95,11.39
339,Vao,96,NC,2022-08-26 03:39:05,81,-22.6667,167.4833,70.95,17.09
340,Namibe,23,AO,2022-08-26 03:39:06,89,-15.1961,12.1522,59.77,3.02
341,Chernyshevskiy,100,RU,2022-08-26 03:39:07,98,63.0128,112.4714,52.27,9.17
342,Cairns,100,AU,2022-08-26 03:39:08,63,-16.9167,145.7667,79.07,18.41
343,Drumnadrochit,97,GB,2022-08-26 03:39:08,90,57.3344,-4.4799,54.63,3.94
344,Shingu,100,JP,2022-08-26 03:39:08,70,33.7333,135.9833,85.12,4.85
345,Pavilosta,0,LV,2022-08-26 03:36:27,89,56.8879,21.1859,60.71,7.54
346,Mendeleyevo,0,RU,2022-08-26 03:39:10,72,56.0333,37.2167,67.89,2.24
347,Dickinson,75,US,2022-08-26 03:39:10,89,29.4608,-95.0513,85.12,4.61
348,Kieta,74,PG,2022-08-26 03:39:11,82,-6.2167,155.6333,79.2,1.83
349,Suleja,100,NG,2022-08-26 03:39:11,95,9.1758,7.1808,74.39,1.79
350,Pinega,2,RU,2022-08-26 03:39:12,82,64.7001,43.3936,52.27,1.7
351,Phalodi,97,IN,2022-08-26 03:39:12,66,27.1333,72.3667,82.13,13.49
352,Udaipura,93,IN,2022-08-26 03:39:13,81,23.0833,78.5,79.34,9.31
353,Amalapuram,94,IN,2022-08-26 03:39:14,51,16.5833,82.0167,91.58,4.45
354,Andenes,75,NO,2022-08-26 03:39:14,88,69.3143,16.1194,55.38,5.75
355,Iqaluit,100,CA,2022-08-26 03:37:57,86,63.7506,-68.5145,40.73,5.75
356,Acu,98,BR,2022-08-26 03:39:15,65,-5.5767,-36.9086,71.91,8.32
357,Bogande,88,BF,2022-08-26 03:39:16,81,12.9714,-0.1436,75.31,6.64
358,Aswan,0,EG,2022-08-26 03:39:17,35,24.0934,32.907,84.94,9.53
359,Makinsk,10,KZ,2022-08-26 03:39:17,64,52.6292,70.4169,69.4,6.62
360,Lucapa,38,AO,2022-08-26 03:39:18,43,-8.4192,20.7447,64.94,0.98
361,Luba,100,GQ,2022-08-26 03:39:18,85,3.4568,8.5547,76.89,10.69
362,Portland,0,US,2022-08-26 03:37:46,55,45.5234,-122.6762,85.44,9.22
363,Champerico,50,GT,2022-08-26 03:40:19,87,14.3,-91.9167,77.76,8.32
364,Mathbaria,90,BD,2022-08-26 03:40:20,66,22.2876,89.9593,87.85,4.83
365,Yeppoon,13,AU,2022-08-26 03:40:20,57,-23.1333,150.7333,73.18,10.78
366,Kem,4,RU,2022-08-26 03:40:21,73,64.9555,34.5793,53.73,3.98
367,Thinadhoo,100,MV,2022-08-26 03:40:21,84,0.5333,72.9333,77.05,13.06
368,Guerrero Negro,6,MX,2022-08-26 03:40:22,83,27.9769,-114.0611,72.68,13.65
369,Muros,40,ES,2022-08-26 03:40:22,76,42.7762,-9.0603,70.16,15.64
370,Eregli,0,TR,2022-08-26 03:40:24,54,37.5133,34.0467,67.57,2.59
371,Korla,100,CN,2022-08-26 03:40:24,16,41.7597,86.1469,80.73,8.21
372,Itaquyry,1,PY,2022-08-26 03:40:26,75,-24.9333,-55.2167,63.88,3.49
373,Pangody,100,RU,2022-08-26 03:40:26,61,65.85,74.4859,49.3,11.01
374,Salaga,100,GH,2022-08-26 03:40:26,94,8.5508,-0.5188,71.96,3.13
375,Lodwar,11,KE,2022-08-26 03:40:27,59,3.1191,35.5973,75.69,12.84
376,Walvis Bay,0,NA,2022-08-26 03:40:27,100,-22.9575,14.5053,53.1,6.91
377,Kokkola,0,FI,2022-08-26 03:40:28,96,63.8385,23.1307,55.92,3.44
378,Sumkino,51,RU,2022-08-26 03:40:28,56,58.1108,68.3244,65.43,7.14
379,Beloha,0,MG,2022-08-26 03:40:29,68,-25.1667,45.05,63.19,6.15
380,Port-Gentil,60,GA,2022-08-26 03:40:30,84,-0.7193,8.7815,74.82,12.91
381,Bukama,89,CD,2022-08-26 03:40:31,43,-9.2,25.85,75.36,3.13
382,Bandarbeyla,0,SO,2022-08-26 03:40:31,66,9.4942,50.8122,78.75,27.6
383,Goba,61,ET,2022-08-26 03:40:32,89,7.0167,39.9833,50.65,2.17
384,Kadoma,75,JP,2022-08-26 03:40:33,66,34.7333,135.5833,89.65,8.05
385,San Pietro In Casale,8,IT,2022-08-26 03:40:33,82,44.6996,11.4022,74.14,2.33
386,Roald,75,NO,2022-08-26 03:40:35,94,62.5833,6.1333,59.76,4.61
387,Harper,100,LR,2022-08-26 03:40:35,83,4.375,-7.7169,77.04,4.68
388,Kanniyakumari,64,IN,2022-08-26 03:40:37,71,8.0833,77.5667,81.32,14.41
389,Shellbrook,0,CA,2022-08-26 03:40:38,49,53.2168,-106.4011,63.63,1.34
390,Bangassou,100,CF,2022-08-26 03:40:40,99,4.7413,22.8184,68.11,1.43
391,Orikum,46,AL,2022-08-26 03:40:41,69,40.3253,19.4714,74.93,4.14
392,Przasnysz,8,PL,2022-08-26 03:40:42,50,53.0191,20.8803,64.45,5.99
393,Bluefield,0,US,2022-08-26 03:40:42,89,37.2698,-81.2223,68.56,0.0
394,Flinders,71,AU,2022-08-26 03:40:43,66,-34.5833,150.8552,65.05,13.85
395,Vila Do Maio,100,CV,2022-08-26 03:41:58,77,15.1333,-23.2167,79.59,4.7
396,Sola,18,VU,2022-08-26 03:41:59,76,-13.8833,167.55,79.77,22.84
397,Kostyantynivka,80,UA,2022-08-26 03:42:00,29,48.5277,37.7069,71.65,16.62
398,Capreol,100,CA,2022-08-26 03:42:01,94,46.706,-80.9225,59.56,4.61
399,Merritt Island,0,US,2022-08-26 03:42:02,83,28.5392,-80.672,84.99,0.0
400,Hanzhong,87,CN,2022-08-26 03:42:03,60,33.0728,107.0303,83.34,4.61
401,Lamu,18,KE,2022-08-26 03:42:03,77,-2.2717,40.902,73.62,14.09
402,Chuy,100,UY,2022-08-26 03:42:04,97,-33.6971,-53.4616,58.64,1.81
403,Karratha,79,AU,2022-08-26 03:42:05,19,-20.7377,116.8463,77.88,15.79
404,Honningsvag,100,NO,2022-08-26 03:42:05,71,70.9821,25.9704,55.15,16.11
405,Ancona,0,IT,2022-08-26 03:37:24,57,43.55,13.1667,71.67,5.01
406,Comodoro Rivadavia,0,AR,2022-08-26 03:40:45,40,-45.8667,-67.5,53.46,19.57
407,Sur,42,OM,2022-08-26 03:42:09,58,22.5667,59.5289,85.14,6.89
408,Ovalle,99,CL,2022-08-26 03:42:13,75,-30.5983,-71.2003,58.35,1.03
409,Gobabis,0,NA,2022-08-26 03:42:16,33,-22.45,18.9667,52.56,6.17
410,Prado,10,BR,2022-08-26 03:43:17,90,-17.3411,-39.2208,68.07,4.18
411,Atambua,30,ID,2022-08-26 03:43:17,49,-9.1061,124.8925,82.69,2.86
412,Tecoanapa,70,MX,2022-08-26 03:43:18,84,16.5167,-98.75,78.84,5.12
413,Omboue,71,GA,2022-08-26 03:43:19,86,-1.5746,9.2618,72.63,5.41
414,Romny,68,UA,2022-08-26 03:43:19,42,50.751,33.4747,66.47,8.68
415,Resistencia,0,AR,2022-08-26 03:38:33,63,-27.4606,-58.9839,77.09,6.91
416,Mutare,0,ZW,2022-08-26 03:39:52,75,-18.9707,32.6709,51.84,2.01
417,Narsaq,100,GL,2022-08-26 03:43:24,99,60.9167,-46.05,44.82,1.59
418,Porto Belo,6,BR,2022-08-26 03:43:25,94,-27.1578,-48.5531,65.16,4.56
419,Sorland,92,NO,2022-08-26 03:43:26,90,67.667,12.6934,57.06,11.59
420,Canby,0,US,2022-08-26 03:43:27,57,45.2629,-122.6926,84.34,0.0
421,San Carlos De Bariloche,40,AR,2022-08-26 03:39:36,70,-41.1456,-71.3082,38.95,20.71
422,Jerico,97,CO,2022-08-26 03:43:28,98,5.7921,-75.786,53.31,1.86
423,Stolin,100,BY,2022-08-26 03:43:29,52,51.8912,26.846,64.2,5.82
424,Kupang,20,ID,2022-08-26 03:43:29,42,-10.1667,123.5833,86.58,17.27
425,Biltine,80,TD,2022-08-26 03:43:30,73,14.5333,20.9167,74.14,2.3
426,Phangnga,100,TH,2022-08-26 03:43:31,81,8.4509,98.5298,77.04,6.69
427,Napasar,0,IN,2022-08-26 03:43:32,62,27.9667,73.55,85.37,10.69
428,Kindu,94,CD,2022-08-26 03:43:33,97,-2.95,25.95,69.24,2.17
429,Krivodol,3,BG,2022-08-26 03:43:34,64,43.3744,23.4844,66.74,4.25
430,Komsomolskiy,63,UZ,2022-08-26 03:43:34,35,40.4272,71.7189,75.92,13.8
431,Nouadhibou,64,MR,2022-08-26 03:43:35,83,20.931,-17.0347,73.38,10.36
432,Vanavara,100,RU,2022-08-26 03:43:35,63,60.34,102.2797,56.21,10.94
433,Finschhafen,72,PG,2022-08-26 03:43:36,65,-6.6024,147.8681,84.42,9.1
434,Spearfish,75,US,2022-08-26 03:43:38,89,44.4908,-103.8594,68.27,11.5
435,Valdivia,12,CL,2022-08-26 03:43:38,96,-39.8142,-73.2459,35.69,1.25
436,Nome,100,US,2022-08-26 03:43:38,93,64.5011,-165.4064,50.07,16.11
437,Veracruz,5,MX,2022-08-26 03:43:40,94,19.3333,-96.6667,69.8,4.36
438,Ranikhet,17,IN,2022-08-26 03:43:41,76,29.65,79.4167,71.19,3.67
439,Pacific Grove,100,US,2022-08-26 03:43:42,91,36.6177,-121.9166,62.55,6.91
440,Guasdualito,0,VE,2022-08-26 03:43:43,94,7.2424,-70.7324,76.96,0.0
441,Hammerfest,0,NO,2022-08-26 03:43:44,82,70.6634,23.6821,55.85,1.14
442,Babati,79,TZ,2022-08-26 03:43:45,83,-4.2167,35.75,57.9,1.34
443,Shache,100,CN,2022-08-26 03:43:49,68,38.4167,77.2406,63.16,3.8
444,Prince Rupert,100,CA,2022-08-26 03:43:50,100,54.3161,-130.3201,62.29,12.66
445,Chulman,80,RU,2022-08-26 03:40:27,61,56.8479,124.9104,51.28,7.63
446,Tazovskiy,100,RU,2022-08-26 03:43:52,86,67.4667,78.7,42.46,4.79
447,Vilyuysk,76,RU,2022-08-26 03:43:52,59,63.7553,121.6247,59.97,9.42
448,Berlevag,100,NO,2022-08-26 03:43:53,59,70.8578,29.0864,60.75,16.11
449,Ugoofaaru,100,MV,2022-08-26 03:43:54,77,5.6667,73.0,81.25,16.87
450,Zyryanka,7,RU,2022-08-26 03:43:54,42,65.75,150.85,58.78,10.04
451,Turukhansk,100,RU,2022-08-26 03:43:54,56,65.8167,87.9833,43.25,11.12
452,Fort Walton Beach,100,US,2022-08-26 03:43:55,94,30.4058,-86.6188,78.98,5.01
453,Maceio,40,BR,2022-08-26 03:43:56,94,-9.6658,-35.7353,71.04,3.44
454,Sayyan,14,YE,2022-08-26 03:44:48,42,15.1718,44.3244,64.72,5.53
455,Nampa,3,US,2022-08-26 03:44:57,38,43.5407,-116.5635,85.39,0.0
456,Praia Da Vitoria,40,PT,2022-08-26 03:41:18,94,38.7333,-27.0667,68.76,7.38
457,Kismayo,4,SO,2022-08-26 03:44:58,74,-0.3582,42.5454,75.9,14.85
458,Diego De Almagro,31,CL,2022-08-26 03:45:02,50,-26.3667,-70.05,56.39,0.51
459,Itarema,67,BR,2022-08-26 03:45:03,78,-2.9248,-39.9167,77.25,16.87
460,Porto Torres,0,IT,2022-08-26 03:45:05,77,40.835,8.3972,66.38,3.09
461,Cabo Rojo,6,PR,2022-08-26 03:45:06,92,18.0866,-67.1457,79.97,4.52
462,George Town,20,MY,2022-08-26 03:44:25,68,5.4112,100.3354,86.9,9.22
463,Matara,100,LK,2022-08-26 03:45:07,77,5.9485,80.5353,81.73,13.89
464,Anadyr,75,RU,2022-08-26 03:41:55,81,64.75,177.4833,54.1,15.66
465,Gravelbourg,91,CA,2022-08-26 03:45:07,40,49.8834,-106.5512,66.47,9.31
466,Ambovombe,0,MG,2022-08-26 03:45:08,75,-25.1667,46.0833,63.68,4.0
467,Nago,100,JP,2022-08-26 03:45:08,68,26.5881,127.9761,91.83,7.54
468,Mayo,0,US,2022-08-26 03:45:09,83,38.8876,-76.5119,80.55,5.75
469,Kenai,100,US,2022-08-26 03:45:09,90,60.5544,-151.2583,57.29,3.44
470,Lock Haven,32,US,2022-08-26 03:45:10,89,41.137,-77.4469,71.87,1.68
471,Santa Isabel Do Rio Negro,82,BR,2022-08-26 03:45:10,89,-0.4139,-65.0192,75.13,0.47
472,Umm Lajj,17,SA,2022-08-26 03:45:11,43,25.0213,37.2685,88.18,5.91
473,Opuwo,0,NA,2022-08-26 03:45:12,48,-18.0607,13.84,58.39,1.12
474,Buraydah,77,SA,2022-08-26 03:44:55,13,26.326,43.975,81.05,8.05
475,Saint-Gaudens,98,FR,2022-08-26 03:46:28,99,43.0833,0.6667,66.02,2.68
476,Tual,28,ID,2022-08-26 03:46:29,85,-5.6667,132.75,78.53,19.08
477,Morondava,17,MG,2022-08-26 03:46:30,80,-20.2833,44.2833,69.57,6.76
478,Huichapan,58,MX,2022-08-26 03:46:30,82,20.3833,-99.65,59.68,5.37
479,Ternate,10,ID,2022-08-26 03:46:31,66,0.8,127.4,84.47,6.51
480,Barlinek,12,PL,2022-08-26 03:43:01,94,52.9946,15.2186,69.15,6.2
481,Alferrarede,14,PT,2022-08-26 03:47:47,90,39.4833,-8.1667,64.17,1.99
482,Lagoa,55,PT,2022-08-26 03:47:47,76,39.05,-27.9833,71.62,6.53
483,Bitung,30,ID,2022-08-26 03:49:03,69,1.4451,125.1824,90.45,8.84
484,Port Hedland,78,AU,2022-08-26 03:49:07,11,-20.3167,118.5667,80.65,12.66
485,Mamallapuram,67,IN,2022-08-26 03:49:08,65,12.6264,80.1722,86.05,10.22
486,Kirakira,99,SB,2022-08-26 03:49:08,82,-10.4544,161.9205,80.78,12.95
487,Pampa,0,US,2022-08-26 03:49:09,64,35.5362,-100.9599,81.55,5.75
488,Vestmannaeyjar,64,IS,2022-08-26 03:49:09,74,63.4427,-20.2734,46.92,22.21
489,Hualmay,21,PE,2022-08-26 03:49:10,83,-11.0964,-77.6139,60.71,7.36
490,Cordoba,0,AR,2022-08-26 03:48:15,68,-31.4135,-64.1811,68.76,5.75
491,Khovu-Aksy,0,RU,2022-08-26 03:49:11,36,51.1333,93.6,66.11,0.87
492,Kyren,2,RU,2022-08-26 03:49:11,51,51.6828,102.1408,63.43,1.59
493,Jardim,2,BR,2022-08-26 03:49:12,50,-21.4803,-56.1381,70.57,5.5
494,Smithers,40,CA,2022-08-26 03:49:12,50,54.7804,-127.1743,77.32,4.61
495,Altagracia De Orituco,94,VE,2022-08-26 03:49:13,87,9.8601,-66.3814,72.77,1.61
496,Dores Do Indaia,52,BR,2022-08-26 03:49:13,50,-19.4633,-45.6017,67.14,1.52
497,Geraldton,75,AU,2022-08-26 03:49:13,68,-28.7667,114.6,68.41,12.66
498,Madang,72,PG,2022-08-26 03:50:14,66,-5.2246,145.7966,84.92,9.26
499,Novolakskoye,0,RU,2022-08-26 03:50:16,42,43.1195,46.4828,73.67,3.58
500,Darab,5,IR,2022-08-26 03:50:16,11,28.7519,54.5444,76.5,8.52
501,Nishihara,75,JP,2022-08-26 03:50:17,75,26.1842,127.7558,91.06,11.5
502,Chicama,23,PE,2022-08-26 03:50:54,85,-7.8447,-79.1469,57.74,3.74
503,Talara,8,PE,2022-08-26 03:50:56,87,-4.5772,-81.2719,63.86,12.77
504,Killybegs,100,IE,2022-08-26 03:50:58,84,54.6333,-8.45,55.65,11.14
505,Najran,83,SA,2022-08-26 03:51:00,30,17.4924,44.1277,77.65,3.27
506,Vila Velha,20,BR,2022-08-26 03:49:38,95,-20.3297,-40.2925,67.95,2.3
507,Broken Hill,93,AU,2022-08-26 03:51:01,48,-31.95,141.4333,57.88,7.34
508,Izumo,75,JP,2022-08-26 03:51:02,74,35.3667,132.7667,82.35,8.05
509,Grootfontein,2,NA,2022-08-26 03:51:04,53,-19.5667,18.1167,47.77,3.44
510,Santa Cruz,33,BO,2022-08-26 03:51:04,78,-17.8,-63.1667,69.26,3.44
511,Hokitika,98,NZ,2022-08-26 03:51:06,61,-42.7167,170.9667,57.36,5.77
512,Mangit,35,UZ,2022-08-26 03:51:06,16,40.5971,70.9607,83.86,2.39
513,Ahipara,26,NZ,2022-08-26 03:51:07,90,-35.1667,173.1667,59.65,16.26
514,Katsuura,57,JP,2022-08-26 03:51:07,76,35.1333,140.3,84.22,11.95
515,Kargasok,39,RU,2022-08-26 03:51:08,58,59.0556,80.8572,56.7,6.87
516,Karpogory,28,RU,2022-08-26 03:51:08,87,64.0019,44.4451,50.85,3.83
517,Yeniseysk,81,RU,2022-08-26 03:51:09,60,58.4497,92.1703,59.52,8.68
518,Basco,61,PH,2022-08-26 03:51:09,73,20.4487,121.9702,85.03,5.66
519,Hay River,75,CA,2022-08-26 03:51:10,77,60.8156,-115.7999,67.98,4.61
520,Viedma,0,AR,2022-08-26 03:51:10,46,-40.8135,-62.9967,45.19,10.4
521,Rasulnagar,7,PK,2022-08-26 03:51:11,70,32.3285,73.7814,85.84,1.23
522,Klyuchi,50,RU,2022-08-26 03:51:12,40,52.2667,79.1667,74.08,8.23
523,Panzhihua,97,CN,2022-08-26 03:51:12,64,26.5851,101.7128,84.4,1.28
524,Riyadh,68,SA,2022-08-26 03:46:15,24,24.6877,46.7219,82.54,3.98
525,Novo Cruzeiro,83,BR,2022-08-26 03:51:14,95,-17.4681,-41.8753,59.76,3.85
526,Yulara,88,AU,2022-08-26 03:51:15,20,-25.2406,130.9889,64.62,8.84
527,Ewa Beach,75,US,2022-08-26 03:51:16,73,21.3156,-158.0072,84.15,15.01
528,Tezu,100,IN,2022-08-26 03:51:16,87,27.9167,96.1667,82.62,2.26
529,Darnah,0,LY,2022-08-26 03:51:17,73,32.767,22.6367,76.48,7.9
530,Kigoma,86,TZ,2022-08-26 03:51:17,58,-4.8769,29.6267,73.62,3.27
531,Nelson Bay,95,AU,2022-08-26 03:51:18,85,-32.7167,152.15,62.11,10.0
532,Bon Accord,1,CA,2022-08-26 03:51:19,59,53.8335,-113.4187,71.44,6.55
533,Kysyl-Syr,65,RU,2022-08-26 03:51:19,67,63.8986,122.7617,56.97,8.66
534,Lata,11,PT,2022-08-26 03:51:20,94,40.1629,-8.3327,62.08,0.11
535,Pangnirtung,100,CA,2022-08-26 03:51:20,87,66.1451,-65.7125,38.19,4.47
536,Bud,56,US,2022-08-26 03:51:21,86,39.447,-86.1758,73.38,5.95
537,San Vicente,0,AR,2022-08-26 03:51:22,84,-26.6167,-54.1333,57.85,2.35
538,Kletskaya,100,RU,2022-08-26 03:51:23,29,49.3145,43.0584,75.0,6.4
539,Gayeri,99,BF,2022-08-26 03:52:24,81,12.6497,0.4931,75.72,7.16
540,Sagarejo,0,GE,2022-08-26 03:52:27,35,41.734,45.3315,63.03,1.14
541,Nha Trang,100,VN,2022-08-26 03:48:54,63,12.25,109.1833,91.4,2.1
542,Artigas,98,UY,2022-08-26 03:52:28,87,-30.4,-56.4667,65.41,4.68
543,Ballina,1,AU,2022-08-26 03:52:28,58,-28.8667,153.5667,68.77,10.02
544,West Wendover,0,US,2022-08-26 03:52:29,21,40.7391,-114.0733,83.41,5.75
545,Zakamensk,7,RU,2022-08-26 03:48:58,47,50.3741,103.2863,62.02,3.96
546,Vidim,77,RU,2022-08-26 03:52:31,70,56.4088,103.1106,61.48,12.91
547,Lashio,100,MM,2022-08-26 03:52:33,69,22.9333,97.75,81.25,4.03
548,Huangnihe,54,CN,2022-08-26 03:52:35,74,43.5583,128.0239,58.53,9.95
549,Saint-Augustin,100,CA,2022-08-26 03:52:35,82,51.226,-58.6502,54.97,10.45
550,Murray Bridge,100,AU,2022-08-26 03:52:36,65,-35.1167,139.2667,59.34,4.14
551,Melfi,2,IT,2022-08-26 03:50:14,70,40.9965,15.6514,65.64,3.02
552,Bamora,99,IN,2022-08-26 03:52:37,82,24.0552,78.0909,77.92,9.06
553,Timrat,0,IL,2022-08-26 03:52:37,83,32.7036,35.2267,79.61,5.5
